<?xml version="1.0" encoding="UTF-8"?>
<services xmlns="http://www.demandware.com/xml/impex/services/2014-09-26">
    <service-credential service-credential-id="int.prefixbox.api.cred">
        <url>https://app-pfbx-admin-portal-api-euw-prod.azurewebsites.net</url>
        <user-id/>
        <password/>
    </service-credential>

    <service-profile service-profile-id="int.prefixbox.api.profile">
        <timeout-millis>50000</timeout-millis>
        <rate-limit-enabled>false</rate-limit-enabled>
        <rate-limit-calls>0</rate-limit-calls>
        <rate-limit-millis>0</rate-limit-millis>
        <cb-enabled>false</cb-enabled>
        <cb-calls>0</cb-calls>
        <cb-millis>0</cb-millis>
    </service-profile>

    <service service-id="int.prefixbox.http.api">
        <service-type>HTTP</service-type>
        <enabled>true</enabled>
        <log-prefix>prefixbox-service</log-prefix>
        <comm-log-enabled>false</comm-log-enabled>
        <force-prd-enabled>false</force-prd-enabled>
        <mock-mode-enabled>false</mock-mode-enabled>
        <profile-id>int.prefixbox.api.profile</profile-id>
        <credential-id>int.prefixbox.api.cred</credential-id>
    </service>

</services>
